{"cameraMode":{"drawMode":0,"name":"Shaded","section":"Shading Mode"},"sceneLighting":true,"audioPlay":false,"sceneViewState":{"m_AlwaysRefresh":false,"showFog":true,"showSkybox":false,"showFlares":true,"showImageEffects":true,"showParticleSystems":true,"showVisualEffectGraphs":true,"m_FxEnabled":true},"in2DMode":false,"pivot":{"x":-0.17399978637695313,"y":-0.0010938644409179688,"z":0.29802465438842776},"rotation":{"x":0.09587196260690689,"y":0.47275063395500185,"z":-0.051838506013154986,"w":0.8744902610778809},"size":1270.05615234375,"orthographic":false}